Region Code,RUCC_Class,Count
AK,Rural,9
AK,Urban,3
AL,Rural,38
AL,Urban,29
AR,Rural,55
AR,Urban,20
AZ,Rural,7
AZ,Urban,8
CA,Rural,20
CA,Urban,37
CO,Rural,43
CO,Urban,15
CT,Rural,1
CT,Urban,7
DC,Urban,1
DE,Urban,3
FL,Rural,23
FL,Urban,44
GA,Rural,80
GA,Urban,71
HI,Rural,2
HI,Urban,2
IA,Rural,77
IA,Urban,21
ID,Rural,29
ID,Urban,11
IL,Rural,59
IL,Urban,38
IN,Rural,46
IN,Urban,43
KS,Rural,72
KS,Urban,19
KY,Rural,83
KY,Urban,35
LA,Rural,29
LA,Urban,34
MA,Rural,3
MA,Urban,11
MD,Rural,5
MD,Urban,19
ME,Rural,11
ME,Urban,5
MI,Rural,55
MI,Urban,26
MN,Rural,59
MN,Urban,27
MO,Rural,78
MO,Urban,34
MS,Rural,64
MS,Urban,17
MT,Rural,37
MT,Urban,4
NC,Rural,52
NC,Urban,46
ND,Rural,36
ND,Urban,4
NE,Rural,53
NE,Urban,13
NH,Rural,7
NH,Urban,3
NJ,Urban,21
NM,Rural,25
NM,Urban,7
NV,Rural,10
NV,Urban,3
NY,Rural,24
NY,Urban,38
OH,Rural,50
OH,Urban,38
OK,Rural,56
OK,Urban,18
OR,Rural,22
OR,Urban,13
PA,Rural,30
PA,Urban,37
RI,Urban,5
SC,Rural,20
SC,Urban,26
SD,Rural,43
SD,Urban,8
TN,Rural,51
TN,Urban,42
TX,Rural,141
TX,Urban,76
UT,Rural,16
UT,Urban,9
VA,Rural,49
VA,Urban,74
VT,Rural,11
VT,Urban,3
WA,Rural,17
WA,Urban,20
WI,Rural,45
WI,Urban,26
WV,Rural,34
WV,Urban,21
WY,Rural,20
WY,Urban,2
